frame,time_sec,L_hip_x,L_hip_y,L_hip_visibility,L_knee_x,L_knee_y,L_knee_visibility,L_ankle_x,L_ankle_y,L_ankle_visibility,L_heel_x,L_heel_y,L_heel_visibility,R_hip_x,R_hip_y,R_hip_visibility,R_knee_x,R_knee_y,R_knee_visibility,R_ankle_x,R_ankle_y,R_ankle_visibility,R_heel_x,R_heel_y,R_heel_visibility,L_knee_angle,R_knee_angle,L_shank_len,R_shank_len
0,0.0,557.9813385009766,371.4245796203613,0.9999594688415527,727.2659301757812,374.0664052963257,0.12290084362030029,887.3564147949219,393.59803676605225,0.2888047397136688,915.2599334716797,409.37719345092773,0.4003116488456726,555.7439422607422,416.02508068084717,0.9999719858169556,734.498291015625,411.4779853820801,0.8874495625495911,910.7759094238281,422.359299659729,0.903597891330719,938.9697265625,437.9196310043335,0.6326237320899963,173.93815499900833,175.0105546713351,161.27754925426078,176.61314150446745
1,0.033420927723840345,557.2860717773438,370.94972133636475,0.9999597668647766,728.0799865722656,374.2330026626587,0.12711764872074127,890.2212524414062,393.027606010437,0.29999470710754395,920.5498504638672,410.8032274246216,0.41788992285728455,553.8557815551758,416.0642194747925,0.9999725818634033,733.9351654052734,411.62909030914307,0.8916791081428528,911.8397521972656,423.0931091308594,0.9061083197593689,939.9873352050781,439.3410301208496,0.6444472670555115,174.4893661147663,174.9021688873147,163.2269193872373,178.27356991201512
2,0.06684185544768069,557.2587203979492,370.5669164657593,0.9999586939811707,728.5478210449219,374.21605110168457,0.12879540026187897,892.1014404296875,392.60252952575684,0.30900079011917114,923.9089202880859,411.6515350341797,0.43104469776153564,553.104362487793,416.31497383117676,0.9999719262123108,733.7160491943359,411.73019886016846,0.8940788507461548,912.5389099121094,423.2718515396118,0.9068495035171509,941.4432525634766,440.1682233810425,0.6498674750328064,174.8062574621752,174.8529919109733,164.58386616766438,179.19493648499417
3,0.10026278317152104,558.3321380615234,369.30885314941406,0.9999561309814453,730.2326202392578,374.08352851867676,0.12684890627861023,892.7096557617188,392.59132862091064,0.3082566559314728,924.6724700927734,412.3436737060547,0.43542665243148804,553.5648727416992,416.21304988861084,0.9999702572822571,734.5203399658203,411.8455123901367,0.892796516418457,913.4870910644531,423.409481048584,0.9041852355003357,942.8987884521484,440.7397270202637,0.647937536239624,175.0924618490423,174.9203410704159,163.52775219145917,179.339965902566
4,0.13368371089536138,560.7155609130859,368.06623935699463,0.9999522566795349,731.6272735595703,373.8303279876709,0.12297376990318298,893.6817169189453,392.54927158355713,0.3023833930492401,925.4617309570312,412.5230598449707,0.4307610094547272,554.2414474487305,416.11966609954834,0.9999672174453735,735.3682708740234,411.8238830566406,0.8824782371520996,913.8521575927734,423.4324836730957,0.895468533039093,943.0931091308594,440.7289123535156,0.6335461139678955,175.3425522355072,174.92009234540538,163.1319755960273,178.86100029493278
5,0.16710463861920172,563.70361328125,367.2282314300537,0.9999491572380066,733.1524658203125,373.50202560424805,0.12118012458086014,894.2486572265625,392.5659227371216,0.3021014332771301,925.4647827148438,412.8674125671387,0.43195396661758423,556.348876953125,415.73660373687744,0.9999648332595825,737.0205688476562,411.7862892150879,0.8755978941917419,914.1148376464844,423.4306812286377,0.8894944787025452,943.0976867675781,440.7114887237549,0.6241468191146851,175.37147598082728,174.98552426427378,162.2202671046128,177.47667989557618
6,0.20052556634304208,564.8707962036133,365.64499855041504,0.999947190284729,733.2704162597656,371.79948806762695,0.11904265731573105,893.8805389404297,392.3586845397949,0.2995986044406891,925.0523376464844,412.9849147796631,0.4305879771709442,556.5126419067383,415.41430950164795,0.9999637603759766,737.0917510986328,411.6359567642212,0.8681007623672485,913.6081695556641,423.20597648620605,0.8842377662658691,943.0014038085938,440.6329536437988,0.6147603988647461,174.79847073821932,175.0511759689843,161.9206350873142,176.89519875130833
7,0.23394649406688242,564.661979675293,363.27276706695557,0.9999464154243469,733.1859588623047,369.959192276001,0.11757667362689972,893.7797546386719,391.93292140960693,0.29972004890441895,924.8359680175781,413.07143211364746,0.4278128147125244,555.3748321533203,415.75947761535645,0.9999623894691467,736.9309997558594,411.82276725769043,0.8537867665290833,913.1969451904297,423.1618595123291,0.8767256736755371,942.7571868896484,440.6082344055176,0.5997484922409058,174.48081342619625,175.077106834882,162.09013546141114,176.6302877003322
8,0.26736742179072276,564.7733688354492,362.58204460144043,0.9999435544013977,733.1618499755859,368.8178586959839,0.11103365570306778,893.5720062255859,391.3533067703247,0.2914392650127411,924.7465515136719,413.06623935699463,0.41748565435409546,555.6201171875,415.7750988006592,0.9999582171440125,737.0024871826172,412.0039987564087,0.8148148655891418,912.7159118652344,423.14186096191406,0.8578629493713379,942.4842834472656,440.59587478637695,0.5738893151283264,174.123883338725,175.18201391243977,161.98538405689794,176.06606597582228
9,0.3007883495145631,568.117561340332,362.45402812957764,0.9999343156814575,734.6099090576172,368.6077880859375,0.1032230406999588,893.5171508789062,391.3917589187622,0.28047996759414673,924.4822692871094,413.20974826812744,0.4037902355194092,560.1227951049805,415.77943325042725,0.9999493360519409,738.7907409667969,412.12523460388184,0.766221821308136,912.7080535888672,423.10057640075684,0.8306458592414856,942.4576568603516,440.60179710388184,0.542930543422699,173.9573524610291,175.21736658527553,160.53230463106374,174.26327713331105
10,0.33420927723840343,568.449821472168,360.6350612640381,0.9999263882637024,734.5716857910156,367.00554370880127,0.09761833399534225,893.5310363769531,390.93059062957764,0.26604706048965454,924.3822479248047,413.0133247375488,0.38321900367736816,560.1166915893555,416.09644889831543,0.999941349029541,738.7850952148438,412.05978870391846,0.7253984212875366,912.7036285400391,423.49552631378174,0.7994375824928284,941.7500305175781,440.59428691864014,0.5066391825675964,173.63674886221642,174.94375724186668,160.7497527489991,174.29409722841652
11,0.3676302049622438,570.4688262939453,359.6376657485962,0.9999181032180786,734.8273468017578,365.72203159332275,0.09425462037324905,892.7484893798828,390.0552463531494,0.2562867999076843,922.8135681152344,412.6215076446533,0.3708748519420624,562.9863739013672,416.12975120544434,0.9999344944953918,740.2278137207031,412.1060085296631,0.6952758431434631,912.6900482177734,423.52612495422363,0.77787184715271,941.6218566894531,440.59205532073975,0.4796430170536041,173.36054922040117,174.91100701123256,159.7848322392596,172.8399299550685
12,0.40105113268608417,571.2381744384766,359.31777477264404,0.9999121427536011,734.7896575927734,364.81664657592773,0.0923454761505127,892.2841644287109,389.5412492752075,0.24831412732601166,922.0462036132812,412.1342468261719,0.36160051822662354,564.9866485595703,416.17833137512207,0.9999287128448486,740.4289245605469,412.2736358642578,0.6763920187950134,912.2944641113281,423.241810798645,0.7652552127838135,941.4244842529297,440.4343843460083,0.46115294098854065,173.00377403351985,175.0734484862116,159.4234162917493,172.21516932742153
13,0.4344720604099245,572.4287796020508,359.0830063819885,0.9999062418937683,734.8265075683594,364.33663845062256,0.08875667303800583,892.2663879394531,389.48206901550293,0.23784968256950378,921.9602203369141,411.79856300354004,0.3481830358505249,566.6638946533203,416.31338596343994,0.999922513961792,741.0423278808594,412.3818254470825,0.6522129774093628,913.7859344482422,423.3499574661255,0.7492873668670654,941.7777252197266,440.37636280059814,0.4418082535266876,172.77856923435738,175.07537559498016,159.4352803163639,173.09146001433433
14,0.46789298813376484,573.1534957885742,358.97292852401733,0.9999040961265564,734.9066925048828,364.10940170288086,0.08621236681938171,891.6378021240234,388.96953105926514,0.22837112843990326,920.5851745605469,411.38322830200195,0.33620980381965637,567.4578857421875,416.4529037475586,0.9999205470085144,741.4673614501953,412.3723840713501,0.635467529296875,913.6389923095703,423.3183717727661,0.7377158403396606,941.6295623779297,440.3796672821045,0.4242112338542938,172.80585003544292,175.01891900936138,158.69047467968338,172.51923115854777
15,0.5013139158576052,572.8372192382812,358.88201236724854,0.999904215335846,734.2497253417969,363.28362464904785,0.08292341977357864,891.3668823242188,388.7635803222656,0.2191292941570282,919.3803405761719,410.5859899520874,0.3236987292766571,567.1985626220703,416.48088455200195,0.9999185800552368,741.1643218994141,412.46941566467285,0.609538197517395,912.6557159423828,423.27064990997314,0.7222855687141418,940.8107757568359,439.979567527771,0.4041388928890228,172.35047214674415,175.07508963164938,159.1698123368503,171.83121047127213
16,0.5347348435814455,572.6776885986328,357.76614904403687,0.9998988509178162,734.185791015625,362.729115486145,0.07824844121932983,891.1082458496094,388.3247709274292,0.2052488923072815,917.9847717285156,409.5358085632324,0.3053421080112457,567.354621887207,416.5453004837036,0.9999091625213623,741.1297607421875,412.6220226287842,0.5715392231941223,911.4344024658203,422.90947437286377,0.6890080571174622,939.8833465576172,439.20494556427,0.3769693672657013,172.49613620286542,175.24984885245502,158.9962087868538,170.6150715968601
17,0.5681557713052858,572.8900146484375,357.0010757446289,0.9998915195465088,734.6247863769531,362.8003120422363,0.0718957856297493,891.0945892333984,388.3925771713257,0.18835395574569702,917.9048919677734,409.43538665771484,0.28229212760925293,569.1385650634766,416.56336784362793,0.9998982548713684,741.2779235839844,412.59095191955566,0.5258666276931763,910.64453125,422.8436851501465,0.6434958577156067,939.2740631103516,439.08053398132324,0.346843421459198,172.76447379060886,175.21381955139097,158.54893011424727,169.67665228602232
18,0.6015766990291262,572.9620361328125,356.8955898284912,0.999889612197876,734.6688842773438,362.63465881347656,0.06744857877492905,889.6099853515625,388.2692813873291,0.175628662109375,916.2728881835938,409.30488109588623,0.2649833858013153,570.6982421875,416.42505168914795,0.9998934864997864,741.7185974121094,412.57468700408936,0.49055159091949463,909.8490905761719,422.80858039855957,0.6117687821388245,938.8262176513672,439.0623378753662,0.3223705589771271,172.638261676177,175.22703144466536,157.04737717197042,168.4416673676684
19,0.6349976267529666,571.5583419799805,356.59923791885376,0.9998853802680969,733.3799743652344,362.34798431396484,0.06392908841371536,889.8905944824219,388.3051586151123,0.16597595810890198,916.3351440429688,409.2796468734741,0.2506943941116333,569.9564743041992,416.44972801208496,0.9998895525932312,739.9098968505859,412.3345756530762,0.46373194456100464,909.7438049316406,423.1104898452759,0.5878838300704956,938.4056091308594,439.31304931640625,0.30192887783050537,172.61783922641771,174.9824101880079,158.6485080521299,170.1754290747104
20,0.6684185544768069,569.8699951171875,355.4954767227173,0.9998734593391418,733.2830047607422,361.5977382659912,0.05916343256831169,889.9674224853516,388.2532739639282,0.15274588763713837,916.3832092285156,408.9803981781006,0.23107953369617462,568.9603805541992,416.3947534561157,0.9998776912689209,739.8518371582031,411.60462856292725,0.4281797409057617,909.7282409667969,422.610182762146,0.5468881130218506,938.1752777099609,438.8139867782593,0.27661409974098206,172.48371436478618,174.68764271890248,158.93559809257295,170.23253153898742
21,0.7018394822006473,569.866943359375,355.3550148010254,0.9998698234558105,733.0501556396484,361.222186088562,0.05566401407122612,889.4129943847656,388.4367370605469,0.14288392663002014,915.5743408203125,409.0088939666748,0.21836833655834198,568.7877655029297,416.0579538345337,0.9998750686645508,738.9076995849609,411.358380317688,0.40334552526474,909.2554473876953,421.82281494140625,0.5237777233123779,938.1120300292969,438.3953046798706,0.26023927330970764,172.18587348662808,174.90234986778182,158.71348123281237,170.6688594133624
22,0.7352604099244876,571.3370895385742,355.084433555603,0.9998577237129211,733.1910705566406,359.72843170166016,0.05069839209318161,889.7517395019531,388.4351062774658,0.13019129633903503,915.6098937988281,408.8976573944092,0.19995519518852234,569.7573852539062,414.3060636520386,0.9998616576194763,739.1453552246094,409.7851896286011,0.36773908138275146,909.2522430419922,421.5892696380615,0.48150017857551575,937.9003143310547,438.1024932861328,0.23763889074325562,171.25327576916763,174.50165614452314,159.1707140959195,170.51595112418488
23,0.7686813376483279,572.4037551879883,354.8429274559021,0.9998469948768616,733.7324523925781,358.94168615341187,0.04644838720560074,889.8351287841797,388.2755470275879,0.11904691904783249,915.6694793701172,408.4325408935547,0.1834697425365448,570.6752777099609,413.9617967605591,0.9998509883880615,739.8668670654297,407.73945808410645,0.3362024128437042,909.1987609863281,420.9454536437988,0.4443525969982147,937.8852844238281,438.0809497833252,0.21732890605926514,170.8127961112911,173.4343851461594,158.83488587337038,169.8460733062764
24,0.8021022653721683,572.8263092041016,355.0781035423279,0.9998413920402527,733.6798095703125,356.91726207733154,0.042191244661808014,889.5936584472656,388.19469451904297,0.10818315297365189,914.5542907714844,407.1795845031738,0.1678047925233841,570.9442138671875,412.4143981933594,0.9998438358306885,740.5487060546875,406.01035594940186,0.30596163868904114,909.3107604980469,420.72486877441406,0.4072496294975281,937.9331970214844,438.06228160858154,0.19866213202476501,169.31169941945495,172.85454638090607,159.02014354090866,169.40232556733346
25,0.8355231930960086,572.374267578125,355.4198384284973,0.9998335242271423,732.6866149902344,355.71237087249756,0.03829941898584366,889.5765686035156,388.1555128097534,0.0982569232583046,914.4982147216797,406.3214921951294,0.15364684164524078,570.2961349487305,408.16466331481934,0.9998356103897095,740.5400848388672,403.43170166015625,0.2789103090763092,909.6926879882812,419.83866691589355,0.3742726743221283,938.5752105712891,437.15693950653076,0.18274639546871185,168.42108262425396,172.86745033706234,160.20928501038406,169.94643762411184
26,0.868944120819849,572.3641204833984,360.04072666168213,0.9998273849487305,732.2721862792969,355.8351945877075,0.035128429532051086,891.1251831054688,392.1530342102051,0.08980569243431091,916.6579437255859,407.80314445495605,0.14273959398269653,570.3718185424805,400.5645275115967,0.9998270273208618,740.9757232666016,398.5698652267456,0.2587483823299408,910.3664398193359,417.0691251754761,0.34839266538619995,939.6672821044922,434.8469352722168,0.17222557961940765,165.6155425585373,173.09753571209328,162.95171087012625,170.3978798955536
27,0.9023650485436893,572.3458099365234,363.2563304901123,0.9998278617858887,732.1021270751953,356.1071705818176,0.03269658237695694,891.1393737792969,392.3039245605469,0.08306019753217697,916.6559600830078,408.17487716674805,0.13463972508907318,570.3037643432617,396.68811321258545,0.9998272657394409,741.4049530029297,395.4978132247925,0.24588876962661743,910.6352996826172,416.97999000549316,0.33093035221099854,939.8851776123047,434.89620208740234,0.16513103246688843,164.61564725288386,172.36695739114677,163.1044169782594,170.58837638175848
28,0.9357859762675297,572.0241165161133,366.0162162780762,0.9998339414596558,731.9935607910156,360.21037101745605,0.03275540471076965,891.1334228515625,394.0472745895386,0.08193343132734299,916.6606140136719,410.1243495941162,0.1371828019618988,569.7320556640625,395.33851146698,0.9998324513435364,741.6593170166016,394.04667377471924,0.25118643045425415,910.6792449951172,416.52032375335693,0.33932194113731384,940.0637054443359,434.92783069610596,0.17357991635799408,165.9177705221053,171.99561669240583,162.69736242482944,170.50748076616736
29,0.96920690399137,569.67041015625,369.87666606903076,0.9998406171798706,730.6112670898438,363.9071846008301,0.033004872500896454,890.7431030273438,394.40038204193115,0.08132070302963257,916.4988708496094,411.0502052307129,0.1466943621635437,565.9564971923828,394.3443775177002,0.999840259552002,740.4896545410156,394.03289794921875,0.27417922019958496,910.7096862792969,416.55014991760254,0.3697347939014435,940.1872253417969,435.20875453948975,0.206676185131073,167.0943079049193,172.3622290141097,163.0093247973759,171.70289992073273
30,1.0026278317152104,569.6419525146484,374.3247985839844,0.9998495578765869,729.0924835205078,370.13068199157715,0.039581120014190674,890.2702331542969,396.6216802597046,0.08741628378629684,916.5629577636719,413.2584571838379,0.16539011895656586,564.2633819580078,395.3070545196533,0.9998494386672974,739.2954254150391,394.49479579925537,0.32168856263160706,910.7004547119141,416.6043519973755,0.4111926853656769,940.7759094238281,436.1495876312256,0.2509630024433136,169.1596416017413,172.38410860820883,163.3402582532987,172.82510391589645
31,1.0360487594390506,569.5236206054688,383.53657722473145,0.9998617768287659,728.6949920654297,376.38516426086426,0.07634278386831284,888.8961791992188,396.44092082977295,0.14397844672203064,916.2112426757812,413.1438732147217,0.22730708122253418,564.0053558349609,399.81616973876953,0.9998619556427002,738.359375,397.17052459716797,0.38693633675575256,910.7421875,417.28983879089355,0.468300998210907,941.5702819824219,437.3120355606079,0.3193418085575104,170.2916924198402,172.47361768724588,161.45170711586368,173.55293385315042
32,1.069469687162891,569.2391967773438,398.4197473526001,0.9998730421066284,728.6738586425781,383.54567527770996,0.09164444357156754,888.9041900634766,396.26792907714844,0.1715857982635498,916.3603210449219,413.7320280075073,0.27035295963287354,564.1007232666016,405.609655380249,0.9998741745948792,738.8251495361328,402.09866523742676,0.44431036710739136,911.5052032470703,418.3257722854614,0.518105149269104,943.4230804443359,440.2245283126831,0.3810262382030487,170.13040702285903,173.48038886466293,160.73460999109147,173.4408255076083
33,1.1028906148867315,567.0405197143555,410.01912117004395,0.9998833537101746,728.85009765625,390.2835988998413,0.11737427115440369,889.1410827636719,396.1202573776245,0.22309143841266632,916.6107177734375,412.71021366119385,0.3278467059135437,564.1295623779297,410.31686782836914,0.9998858571052551,740.4997253417969,405.7828187942505,0.49866533279418945,913.7503051757812,418.6366081237793,0.5657331347465515,945.0486755371094,440.56381702423096,0.4418712854385376,170.96073525849474,174.28428012344213,160.39721471675878,173.72674898512233
34,1.1363115426105717,561.9083786010742,417.6274538040161,0.9998916387557983,728.7477111816406,399.4699716567993,0.12269715964794159,889.1793060302734,396.12879753112793,0.2329237014055252,917.7520751953125,412.30157375335693,0.3438662588596344,562.1155548095703,411.81761741638184,0.9998958706855774,740.4262542724609,409.268274307251,0.5413057804107666,913.9990997314453,418.7614917755127,0.6021780371665955,945.4466247558594,440.50575256347656,0.48286303877830505,174.9819017629173,176.05032842757998,160.46638299099885,173.8322578195088
35,1.169732470334412,551.9388961791992,423.61281394958496,0.9998983144760132,725.2680206298828,403.49809169769287,0.1253862977027893,888.81103515625,396.6847229003906,0.23422327637672424,918.0881500244141,412.73094177246094,0.35259756445884705,555.628776550293,411.696252822876,0.999904990196228,738.4449005126953,409.4849967956543,0.5805808901786804,914.1268920898438,418.01154613494873,0.6350973844528198,945.5699920654297,439.5821285247803,0.5211547613143921,175.76609640065342,176.528398666443,163.6848789434736,175.88878363371745
36,1.2031533980582525,547.5753021240234,425.649619102478,0.9999057650566101,724.3067932128906,403.90162467956543,0.1450597494840622,890.1850128173828,397.3351049423218,0.2562013268470764,920.0198364257812,414.93125438690186,0.3843224048614502,553.4184646606445,410.6560707092285,0.9999135136604309,737.7188110351562,409.92865562438965,0.6212453842163086,915.0199890136719,420.2579069137573,0.6698503494262695,947.6119995117188,444.85698223114014,0.565274178981781,175.2515888802793,176.4396788936915,166.00814112752346,177.60180501551267
37,1.2365743257820927,549.5647048950195,424.3592405319214,0.999911904335022,723.5908508300781,402.514386177063,0.1511087417602539,890.107421875,397.1279525756836,0.2618762254714966,919.9076080322266,413.5695505142212,0.39642536640167236,554.1570281982422,404.7123384475708,0.9999213814735413,737.7349090576172,409.64537143707275,0.6567851901054382,916.9470977783203,420.2419424057007,0.7000566124916077,949.0045166015625,444.5414686203003,0.6024550199508667,174.69803849716195,178.15537832129368,166.60366772523523,179.52519573129027
38,1.2699952535059331,550.666618347168,425.90063095092773,0.9999168515205383,724.44580078125,403.94123554229736,0.16877728700637817,891.8743133544922,396.51658058166504,0.28291773796081543,921.2983703613281,412.0495319366455,0.4210200905799866,558.952751159668,398.7935400009155,0.9999284744262695,742.5782775878906,409.1218042373657,0.6898893713951111,917.8166198730469,420.03878116607666,0.728274941444397,949.3016052246094,444.2677116394043,0.637994647026062,175.33719022046756,179.65448712638045,167.59305571464697,175.57806523626917
39,1.3034161812297735,551.3337326049805,426.03302478790283,0.9999218583106995,727.9297637939453,402.60849952697754,0.1987275928258896,892.0878601074219,396.21557235717773,0.31092318892478943,921.2120819091797,410.53595066070557,0.45075809955596924,564.1652679443359,394.4535970687866,0.99993497133255,748.2306671142578,409.09099102020264,0.7201769948005676,917.7430725097656,419.86454486846924,0.7542399168014526,949.1463470458984,444.1018867492676,0.6714702248573303,174.67431132915064,179.08985512666618,164.28253133873673,169.8544230966403
40,1.3368371089536137,551.697998046875,425.21647453308105,0.9999268054962158,727.1604919433594,401.2130641937256,0.23141254484653473,889.7370910644531,395.7476234436035,0.3397478461265564,919.4913482666016,409.59683418273926,0.47878509759902954,566.5079498291016,392.7874946594238,0.9999408721923828,747.6753234863281,407.92030334472656,0.7475446462631226,917.8108215332031,419.85536098480225,0.7775371074676514,949.0287017822266,443.6087465286255,0.7012640833854675,174.13566825108742,179.23794282916464,162.66844077562777,170.55360827766188
41,1.3702580366774542,552.380485534668,425.6593608856201,0.9999316930770874,727.6287841796875,402.8714418411255,0.2664724886417389,889.2559051513672,395.72526454925537,0.3717077374458313,919.4341278076172,409.49315071105957,0.506899356842041,566.7847442626953,389.4252061843872,0.9999462962150574,747.8782653808594,406.9084882736206,0.7723314762115479,918.2252502441406,420.4126167297363,0.7986567616462708,948.9593505859375,443.482403755188,0.7281668186187744,175.12289976702843,179.0181934265933,161.7850242868011,170.8814113277692
42,1.4036789644012946,553.2756805419922,424.3518590927124,0.9999358057975769,729.9227142333984,405.48781871795654,0.3048747777938843,890.5832672119141,396.7324447631836,0.4068385064601898,920.5502319335938,409.90041732788086,0.5346572399139404,566.8933868408203,388.53715896606445,0.9999510645866394,748.0972290039062,406.9034242630005,0.7946736812591553,918.2491302490234,420.47261238098145,0.8178413510322571,948.9250183105469,442.93720722198486,0.7526291608810425,177.02382699066874,178.77198609863774,160.898942993577,170.6920981284994
43,1.4370998921251348,553.8683319091797,423.3721876144409,0.9999399781227112,730.3123474121094,404.47540283203125,0.33934226632118225,890.6190490722656,396.69034481048584,0.43723729252815247,920.5226135253906,409.8369884490967,0.5576599836349487,566.8400955200195,388.97648334503174,0.999955415725708,747.8498840332031,406.9896411895752,0.814728319644928,918.2106018066406,420.52419662475586,0.8348554372787476,948.2334136962891,442.91399002075195,0.7737166285514832,176.66734314528279,178.8593370934425,160.495625253641,170.8975083232895
44,1.4705208198489752,552.9672241210938,423.01225662231445,0.9999440312385559,730.2691650390625,404.5989990234375,0.38089802861213684,890.4777526855469,396.65584087371826,0.4730693995952606,920.4898071289062,409.79008197784424,0.5868372321128845,564.5059967041016,386.75771713256836,0.999959409236908,747.6544952392578,406.501522064209,0.8330345749855042,917.8927612304688,420.5296468734741,0.8507478833198547,947.4603271484375,442.5299835205078,0.794504702091217,176.90934855059342,178.55784677092703,160.40537808026485,170.81526715536467
45,1.5039417475728156,553.348503112793,422.507700920105,0.9999473690986633,729.8982238769531,404.2524576187134,0.41091442108154297,890.3857421875,396.5537452697754,0.5051651000976562,920.4846954345703,409.8188352584839,0.6136804223060608,564.4266891479492,386.4073133468628,0.9999629259109497,747.0484924316406,406.33715629577637,0.8494042754173279,917.3760986328125,420.3506898880005,0.8650710582733154,946.9274139404297,442.00804710388184,0.8132258653640747,176.84301305071048,178.47521626299877,160.67206883995055,170.90310868431234
46,1.5373626752966558,553.5689163208008,422.3353958129883,0.9999490976333618,728.6865997314453,403.92797470092773,0.4320448040962219,890.4067993164062,396.5369653701782,0.5239205360412598,920.5281829833984,409.7938585281372,0.629920244216919,564.3886184692383,386.32667541503906,0.9999657869338989,745.9553527832031,405.7595157623291,0.8638557195663452,916.9483184814453,420.04436016082764,0.8771470785140991,946.4381408691406,441.0885429382324,0.8283505439758301,176.61615057597638,178.6663979965197,161.88900510141764,171.58861004673224
47,1.5707836030204962,555.1301956176758,422.1715450286865,0.999950110912323,728.6933135986328,403.9757823944092,0.4506681561470032,890.703125,396.50100231170654,0.5462716221809387,920.7469177246094,409.67785835266113,0.6504513621330261,566.3858795166016,386.35457038879395,0.9999684691429138,745.9977722167969,405.96091747283936,0.8771075010299683,916.99951171875,420.09143829345703,0.8887929916381836,946.4048004150391,440.93039989471436,0.843859851360321,176.65679790826306,178.4941208938964,162.18215477539854,171.58457544708307
48,1.6042045307443367,555.1667404174805,423.6789035797119,0.999951958656311,728.0727386474609,404.12899017333984,0.47189587354660034,890.7434844970703,396.473708152771,0.567080020904541,920.7395935058594,409.6959686279297,0.6704372763633728,566.3185882568359,386.17900371551514,0.9999710321426392,745.9432220458984,405.95808506011963,0.8891128897666931,916.7860412597656,419.81523513793945,0.899255633354187,946.1172485351562,440.5776786804199,0.857876718044281,176.2435010358454,178.35342036024275,162.8507749385389,171.40387826773735
49,1.6376254584681769,556.5793609619141,423.9362668991089,0.9999531507492065,728.0610656738281,404.0487813949585,0.48737820982933044,890.7440948486328,396.45448207855225,0.580348014831543,920.5847930908203,409.7765636444092,0.6859971880912781,567.8715896606445,387.032675743103,0.9999732375144958,745.9558868408203,406.56010150909424,0.8998119235038757,916.2106323242188,419.26433086395264,0.9084892272949219,945.4730987548828,440.04509925842285,0.8702902793884277,176.05742680685245,178.00980451513362,162.86018962164303,170.72807561475537
50,1.6710463861920173,557.6923751831055,424.6351432800293,0.9999533295631409,726.7071533203125,403.959002494812,0.48081186413764954,890.3187561035156,396.74012660980225,0.5814849138259888,919.9412536621094,410.1055097579956,0.6942927241325378,569.4860076904297,389.2042350769043,0.9999750852584839,745.1492309570312,407.4597358703613,0.9091019034385681,915.1528167724609,418.4649896621704,0.9163907766342163,944.9418640136719,439.73477840423584,0.8807713389396667,175.55183844599588,177.77083005444288,163.7707810762708,170.3594282718931
51,1.7044673139158575,558.3744049072266,424.7068977355957,0.9999517798423767,726.9073486328125,405.62862396240234,0.4746316373348236,890.3556060791016,398.3994483947754,0.5865474343299866,919.9510955810547,411.8931484222412,0.7069491147994995,569.3560791015625,390.5389881134033,0.999976634979248,745.2342987060547,407.48913288116455,0.9175330400466919,915.0982666015625,417.19757080078125,0.9239142537117004,944.9292755126953,439.0045738220215,0.8912400007247925,176.0739873322208,177.76629412846833,163.6080494401665,170.14118065901965
52,1.737888241639698,560.7584762573242,424.23478603363037,0.9999510049819946,727.7751922607422,405.5543375015259,0.45493143796920776,891.0832214355469,398.3632707595825,0.5782855749130249,920.1350402832031,411.807918548584,0.708763837814331,569.7771453857422,394.0119981765747,0.9999780654907227,745.3191375732422,408.589825630188,0.9248558878898621,916.5133666992188,417.69371509552,0.9304274916648865,945.3996276855469,439.4469881057739,0.8999895453453064,176.13943836137264,178.29683226367902,163.46627735972316,171.4361248087297
53,1.7713091693635383,561.5386962890625,424.04707431793213,0.9999508857727051,728.3015441894531,405.50511360168457,0.4444030523300171,891.1132049560547,397.65503883361816,0.5790218710899353,920.1277160644531,411.50588035583496,0.7151793837547302,569.8244476318359,397.43226528167725,0.9999794363975525,745.2269744873047,409.6675157546997,0.931698739528656,917.626953125,418.9780855178833,0.9366461634635925,945.5998229980469,440.74564933776855,0.9083943367004395,176.41589639014765,179.10107258939513,163.0007992478662,172.6512071883452
54,1.8047300970873785,565.2219772338867,419.7348117828369,0.999951183795929,729.7883605957031,405.39576530456543,0.43899691104888916,891.5093231201172,397.0792865753174,0.5823255181312561,920.1709747314453,411.4071321487427,0.7223492860794067,571.1606597900391,400.59825897216797,0.9999807476997375,745.3946685791016,411.1719560623169,0.9378937482833862,918.7028503417969,420.42137145996094,0.942393958568573,946.0482788085938,442.34394550323486,0.9162046909332275,177.964098511101,179.58212728164025,161.93465823682394,173.55482577874236
55,1.838151024811219,565.5136871337891,419.1623640060425,0.999950110912323,730.8495330810547,407.8118133544922,0.4251014292240143,892.3677062988281,398.0134677886963,0.5728375315666199,920.7261657714844,412.18711853027344,0.7223175168037415,570.8037567138672,400.5650854110718,0.9999815225601196,745.3799438476562,411.63926124572754,0.9429901838302612,919.0769958496094,420.20310401916504,0.9470190405845642,946.1095428466797,440.8080053329468,0.9226609468460083,179.54426096999586,179.19291366490043,161.8151039162705,173.90803683906435
56,1.8715719525350594,565.9174346923828,414.97653007507324,0.9999496340751648,733.0896759033203,407.8423261642456,0.40006983280181885,892.8208923339844,397.6052141189575,0.5522558689117432,920.79833984375,411.84654235839844,0.7109245657920837,569.7093963623047,402.98632621765137,0.9999822974205017,745.4557800292969,412.9426431655884,0.9469373226165771,919.2527770996094,420.46342849731445,0.9506978392601013,946.1874389648438,441.14853858947754,0.9272325038909912,178.7766094570063,179.23540381869796,160.05892654096937,173.95964590290507
57,1.9049928802588996,566.0045623779297,414.2721176147461,0.9999480247497559,733.7122344970703,408.2041883468628,0.37284064292907715,893.7755584716797,397.5901508331299,0.5250366926193237,921.3291931152344,411.8549966812134,0.6949517726898193,569.1461944580078,404.2420291900635,0.9999828338623047,745.3376770019531,414.08595085144043,0.9497021436691284,919.4186401367188,420.671911239624,0.9533281922340393,946.2975311279297,441.34976863861084,0.9305766820907593,178.27833381622045,178.9687988263393,160.41485428146513,174.2055010617126
58,1.93841380798274,567.3165893554688,410.61564445495605,0.9999480247497559,735.2086639404297,408.0712366104126,0.3482103645801544,895.1494598388672,397.3239040374756,0.5062569975852966,922.3829650878906,411.5765619277954,0.6854555010795593,569.381103515625,406.8320560455322,0.9999836683273315,746.0128021240234,414.6193027496338,0.9522101879119873,919.7878265380859,420.80005645751953,0.9563233852386475,946.5892791748047,442.5685214996338,0.9341769814491272,177.02400159641854,179.51262030964472,160.30147644378997,173.88490683928137
59,1.9718347357065804,567.191276550293,409.8791742324829,0.9999462366104126,734.9848937988281,408.164963722229,0.32166945934295654,894.7434997558594,397.5018310546875,0.4750158190727234,921.9821929931641,411.65282249450684,0.661099910736084,567.742919921875,408.14865589141846,0.9999837875366211,744.8844909667969,414.54883575439453,0.9519927501678467,919.5512390136719,420.7472276687622,0.9566521048545837,946.3194274902344,442.231764793396,0.9338011741638184,176.7667648251369,179.96318309679168,160.11406738828282,174.7766944864063
60,2.005255663430421,565.7047271728516,410.03281116485596,0.9999417066574097,733.99169921875,409.88513946533203,0.29752713441848755,894.2869567871094,397.80537128448486,0.4504413902759552,921.6889190673828,411.64913177490234,0.6459290981292725,565.224723815918,407.71190643310547,0.9999833703041077,744.0337371826172,413.4630346298218,0.9513927698135376,918.8560485839844,419.94715690612793,0.9580045938491821,945.7529449462891,440.17569065093994,0.9365246891975403,175.74064237908246,179.71808420546253,160.74977573299964,174.94251743190014
61,2.0386765911542613,565.8115386962891,410.4998588562012,0.9999389052391052,733.8005828857422,409.74244594573975,0.2758243680000305,892.7363586425781,398.58874797821045,0.4261834919452667,921.2465667724609,411.7816114425659,0.6280220150947571,565.1744842529297,407.73443698883057,0.9999833106994629,744.0553283691406,412.43568420410156,0.9514811635017395,919.0003967285156,418.298134803772,0.958422064781189,945.9140014648438,437.7317476272583,0.9362191557884216,176.24404096749709,179.5861921963597,159.32666378788613,175.04326685222705
62,2.0720975188781012,566.2506103515625,410.3436040878296,0.9999367594718933,734.2893981933594,409.6685028076172,0.25898706912994385,892.8971862792969,398.9004421234131,0.41178420186042786,921.2446594238281,413.03958892822266,0.621428906917572,565.3324508666992,408.02656173706055,0.999983012676239,744.7034454345703,411.0456132888794,0.9527127146720886,918.9952087402344,416.7548990249634,0.9604600667953491,945.9121704101562,436.9785404205322,0.9394376277923584,176.34627156159385,179.0881023194478,158.97289571625836,174.3852479420604
63,2.1055184466019417,566.2606811523438,407.73499488830566,0.9999358654022217,734.7077178955078,407.7837038040161,0.24371212720870972,892.8959655761719,398.3937406539917,0.39583706855773926,920.3709411621094,413.2409477233887,0.6077628135681152,565.3548431396484,409.49984550476074,0.999982476234436,744.2568969726562,411.0437250137329,0.9526427388191223,917.7376556396484,416.8143367767334,0.9599620699882507,945.0703430175781,438.51731300354004,0.9354997873306274,176.58637377669208,178.5892686411103,158.46669401561306,173.57670807972613
64,2.138939374325782,568.1215667724609,405.79097270965576,0.9999348521232605,736.6712188720703,405.13007640838623,0.2346353530883789,893.5678100585938,396.3659477233887,0.39357420802116394,920.8460998535156,413.196702003479,0.606903612613678,567.881965637207,410.72091579437256,0.9999814629554749,744.3396759033203,411.3429307937622,0.953748881816864,917.4311828613281,417.22941398620605,0.9611030220985413,944.3273162841797,439.08684253692627,0.9346009492874146,177.02748230926576,178.2542072495575,157.14117944561272,173.19157157716708
65,2.1723603020496225,568.1064987182617,406.08601570129395,0.9999348521232605,736.6358947753906,404.81675148010254,0.22512349486351013,890.5357360839844,396.2281894683838,0.38856369256973267,919.5218658447266,413.17781925201416,0.6062803268432617,568.3789825439453,411.8004083633423,0.999980628490448,744.3098449707031,411.4545965194702,0.9547138214111328,917.3017120361328,417.2848176956177,0.9614657163619995,943.6206817626953,438.91337871551514,0.9323411583900452,177.2373645118545,177.95711073710973,154.13930242556398,173.09008507059582
66,2.205781229773463,568.3400344848633,406.43835067749023,0.9999354481697083,736.5370178222656,404.03092861175537,0.21332773566246033,889.2742919921875,395.9229326248169,0.3771805167198181,918.1568908691406,412.8053569793701,0.5986200571060181,569.4757080078125,413.14181327819824,0.999980092048645,744.3185424804688,412.71471977233887,0.9527935981750488,916.2571716308594,417.8954601287842,0.9585641622543335,942.31201171875,438.72965812683105,0.9240139126777649,177.78135382922423,178.13416608801634,152.95232760498317,172.01666275322415
67,2.239202157497303,569.5877838134766,404.93043422698975,0.9999364018440247,736.3967132568359,401.90760612487793,0.20311269164085388,888.8813781738281,395.9035348892212,0.3616170287132263,918.1459808349609,412.6697015762329,0.5841634273529053,570.9078216552734,416.8045949935913,0.9999794363975525,744.3212890625,412.79552936553955,0.9500237107276917,916.3146209716797,418.78058910369873,0.9519110321998596,942.6029968261719,439.7806119918823,0.906309962272644,178.78331993324213,176.68265502124092,152.6028240441514,172.09743508051065
68,2.2726230852211433,569.6604537963867,405.2644872665405,0.9999383687973022,736.3407897949219,401.3679027557373,0.1976976990699768,889.0895843505859,395.4978561401367,0.35351815819740295,918.1903839111328,411.665997505188,0.5770516395568848,571.0733795166016,419.22553539276123,0.9999793767929077,744.2802429199219,413.0761528015137,0.949761688709259,916.3372802734375,418.84294509887695,0.9480074644088745,942.6148986816406,439.7801399230957,0.8935369849205017,179.1384328870199,176.0470259799544,152.86154416817132,172.1536522885007
69,2.3060440129449837,569.5980834960938,407.1307039260864,0.9999408721923828,735.5802917480469,400.12404441833496,0.1928158551454544,889.1166687011719,395.0965118408203,0.3468874394893646,918.2215881347656,411.0035562515259,0.5717631578445435,570.9091949462891,424.70312118530273,0.9999797344207764,743.9136505126953,414.26117420196533,0.9500885605812073,916.4363861083984,419.5812177658081,0.945293128490448,942.6060485839844,440.00394344329834,0.8837575316429138,179.45826417069892,174.77975924936663,153.6186679141245,172.60474257953075
70,2.339464940668824,569.4059371948242,408.93954277038574,0.9999440312385559,734.9236297607422,398.18182468414307,0.18997779488563538,889.4582366943359,394.80687618255615,0.341083824634552,918.2346343994141,410.54625034332275,0.5648730993270874,570.0535202026367,430.1751708984375,0.9999803900718689,743.8832855224609,415.51507472991943,0.9509355425834656,916.7141723632812,419.6857166290283,0.9424793720245361,942.63916015625,439.9957466125488,0.872976541519165,177.53243578303514,173.7969582610539,154.57145602441832,172.8812011180945
71,2.3728858683926646,569.3679809570312,409.2889595031738,0.9999459981918335,735.0160217285156,398.18843364715576,0.18507538735866547,889.4818115234375,393.6630964279175,0.33481141924858093,918.0812072753906,409.05391216278076,0.5552344918251038,569.7103881835938,432.8985786437988,0.9999804496765137,743.8020324707031,419.48216915130615,0.9501388072967529,916.2425994873047,419.8993921279907,0.9384492039680481,941.8269348144531,439.7504425048828,0.8603742718696594,177.844282886923,175.4545709944782,154.53206429060867,172.44107175501819
72,2.406306796116505,569.5095825195312,409.20403003692627,0.9999485611915588,735.9995269775391,397.8616762161255,0.18521247804164886,890.8881378173828,392.86285400390625,0.33365750312805176,918.7577056884766,408.53081703186035,0.5485548377037048,569.270133972168,436.8760585784912,0.9999809265136719,743.9344787597656,422.7077293395996,0.9506799578666687,916.3497924804688,420.53505420684814,0.9356792569160461,941.8111419677734,439.62706089019775,0.8488099575042725,177.9511718847059,176.08443449092113,154.96925498758114,172.42900255653328
73,2.439727723840345,569.5063400268555,408.6768579483032,0.9999504685401917,736.1631011962891,396.86488151550293,0.18881173431873322,890.9088897705078,392.52038955688477,0.3379082977771759,918.6590576171875,408.39301586151123,0.546227753162384,568.8428497314453,439.26640033721924,0.999981164932251,742.4193572998047,426.2685012817383,0.9511026740074158,915.7228851318359,421.8670177459717,0.9336374998092651,940.6487274169922,439.5086145401001,0.838863730430603,177.55403769441304,177.17238201027445,154.8067624228196,173.35941225195492
74,2.4731486515641854,569.4732666015625,408.1104612350464,0.9999515414237976,736.6324615478516,396.67768478393555,0.19245272874832153,890.9232330322266,392.52442359924316,0.3413822650909424,918.5503387451172,408.40940952301025,0.5441235899925232,568.6088180541992,440.57548999786377,0.9999811053276062,742.2598266601562,429.36806201934814,0.9509327411651611,915.4336547851562,422.86741733551025,0.9312639832496643,939.8606872558594,439.5059108734131,0.8297020792961121,177.62931317619493,178.4570292237097,154.34666094124583,173.29579662753667
75,2.506569579288026,569.4394683837891,408.1114912033081,0.9999524354934692,736.8073272705078,396.2783145904541,0.19769711792469025,891.1447143554688,392.5401735305786,0.3474075198173523,918.6305236816406,408.44786167144775,0.5445714592933655,568.594856262207,441.77960872650146,0.9999809265136719,742.3783874511719,428.924617767334,0.9506853818893433,915.4435729980469,422.87153720855713,0.9295385479927063,939.9166870117188,439.4043731689453,0.8214747309684753,177.34329161018067,177.77260743982018,154.3826504203001,173.1710086377778
76,2.5399905070118662,570.3928756713867,408.0196523666382,0.9999515414237976,736.9232177734375,395.8497619628906,0.19732265174388885,891.1972045898438,392.43932247161865,0.3494028151035309,918.5887145996094,408.4478187561035,0.5395777821540833,570.4668426513672,441.42624378204346,0.9999798536300659,743.0835723876953,428.73780727386475,0.9475460052490234,915.3066253662109,423.092679977417,0.9262640476226807,939.7261810302734,439.6412229537964,0.811008870601654,177.08670108241134,177.67332256701596,154.31167844901537,172.3155461339275
77,2.5734114347357067,572.8081512451172,408.0259609222412,0.999951183795929,737.1810150146484,395.83826065063477,0.19727341830730438,891.2261199951172,392.40099906921387,0.3514282703399658,918.8230895996094,408.45816135406494,0.5356268882751465,572.3476028442383,441.6398763656616,0.9999791383743286,743.721923828125,428.310284614563,0.9438074827194214,915.1866149902344,423.077187538147,0.9218996167182922,939.3385314941406,439.3242073059082,0.7991431355476379,177.03771689833292,177.30057907507776,154.08344861023443,171.5445295552404
78,2.606832362459547,573.4919357299805,408.4484624862671,0.9999514222145081,738.1706237792969,397.264723777771,0.1962232142686844,892.3644256591797,392.0769453048706,0.35122936964035034,919.9992370605469,408.26435565948486,0.530739963054657,572.781867980957,440.7408857345581,0.99997878074646,744.1468811035156,428.0827474594116,0.9409810900688171,915.8741760253906,422.9692554473877,0.9186689257621765,939.4217681884766,439.32446479797363,0.7896736264228821,178.04182969022474,177.48101394390537,154.2810473896792,171.8034098082505
79,2.640253290183387,573.6623001098633,409.6217679977417,0.9999523758888245,739.0348815917969,398.77843379974365,0.1992596834897995,893.8664245605469,391.8830966949463,0.353263258934021,922.1307373046875,407.8963565826416,0.5272942781448364,572.7900314331055,440.34353256225586,0.9999789595603943,745.3364562988281,425.89483737945557,0.9400564432144165,917.2600555419922,422.4669313430786,0.9162705540657043,940.5787658691406,439.0161180496216,0.7809628844261169,178.79848723350335,176.35557538613253,154.98500692606584,171.95776957299228
80,2.6736742179072275,573.8259124755859,410.65555572509766,0.9999536871910095,738.9496612548828,399.5699644088745,0.21330471336841583,893.8902282714844,391.8946409225464,0.3712019622325897,922.6948547363281,408.35211753845215,0.5390726327896118,572.8715896606445,440.22993564605713,0.9999793171882629,745.0402069091797,425.8141565322876,0.941897988319397,917.2663879394531,422.8413248062134,0.9182690382003784,941.0158538818359,439.1632318496704,0.781181812286377,178.99516302152844,176.20265122065018,155.13055758955352,172.25183645100586
81,2.707095145631068,573.9094924926758,411.566219329834,0.9999550580978394,738.9116668701172,400.1996612548828,0.2255655974149704,893.8841247558594,392.05055236816406,0.38396209478378296,922.8676605224609,409.02687549591064,0.548397421836853,572.8169631958008,439.9528741836548,0.9999797344207764,744.8793792724609,425.78617572784424,0.9433609247207642,917.227783203125,422.77180194854736,0.9195553064346313,940.9451293945312,438.24055194854736,0.7807192206382751,179.0693553082092,176.29518987665676,155.18656732718762,172.37476261543816
82,2.7405160733549083,574.4883346557617,411.75161361694336,0.9999555349349976,738.7391662597656,399.98817443847656,0.22635596990585327,893.2730102539062,392.0519256591797,0.3834722638130188,921.9679260253906,409.2245864868164,0.5484994053840637,572.9569244384766,439.79769229888916,0.9999798536300659,744.7343444824219,425.728497505188,0.9426525831222534,916.2165069580078,421.8579626083374,0.9180878400802612,940.9539031982422,438.39268684387207,0.7762977480888367,178.84344464001165,176.61072587044478,154.73749702089756,171.52583795944852
83,2.7739370010787487,574.3344879150391,411.8861961364746,0.9999564290046692,738.5517883300781,399.976544380188,0.22858557105064392,893.0471038818359,391.8853282928467,0.3856436610221863,921.4510345458984,409.24243927001953,0.5503821969032288,572.8472900390625,439.66010570526123,0.9999802112579346,744.7195434570312,425.6145143508911,0.9428802728652954,915.7759094238281,421.3094186782837,0.9181067943572998,940.9870147705078,438.59533309936523,0.7743163108825684,178.84990929367922,176.76980573118948,154.7070467212443,171.11053207361914
84,2.807357928802589,573.921012878418,412.35899448394775,0.9999580979347229,738.5238647460938,400.2432632446289,0.23871447145938873,893.0985260009766,391.83730602264404,0.39622753858566284,921.4527893066406,409.4803190231323,0.5589873194694519,572.5234985351562,439.56101417541504,0.9999809861183167,744.7132873535156,425.63292503356934,0.9450348615646362,915.7746887207031,421.3299751281738,0.9204913973808289,941.1587524414062,439.52457904815674,0.7774703502655029,178.90303523126286,176.81646478385872,154.8030555863792,171.11551190816792
85,2.840778856526429,573.129997253418,412.79565811157227,0.9999594688415527,738.3995819091797,400.4152250289917,0.24803447723388672,893.2283782958984,391.8213415145874,0.4079006612300873,921.7377471923828,409.52362060546875,0.566633939743042,571.9940948486328,439.7339630126953,0.9999815821647644,744.7520446777344,425.7156229019165,0.9470046162605286,916.0084533691406,421.4066219329834,0.9231848120689392,941.2372589111328,439.54813957214355,0.7816792726516724,178.8929272759132,176.80225354999908,155.06711780522383,171.31060973339694
86,2.8741997842502696,572.4248123168945,414.17744636535645,0.9999606609344482,738.3848571777344,401.8563222885132,0.2542545795440674,893.3518218994141,391.8223714828491,0.41729307174682617,921.9011688232422,409.556622505188,0.5725690126419067,571.5012741088867,440.5765199661255,0.9999819993972778,744.7540283203125,425.6734800338745,0.9483731985092163,915.7692718505859,420.6294250488281,0.9249247908592224,940.83740234375,437.96542167663574,0.7842297554016113,179.4587352436061,176.77300870596105,155.291468934455,171.08961397586617
87,2.90762071197411,569.6247100830078,414.5429563522339,0.9999620914459229,738.5919952392578,402.07759380340576,0.26682761311531067,894.5717620849609,391.8860149383545,0.4277440011501312,922.5452423095703,409.57619190216064,0.5791410207748413,569.348258972168,442.42149353027344,0.9999825954437256,744.5645904541016,425.91363430023193,0.9507379531860352,915.760498046875,420.47364234924316,0.9275285601615906,940.748291015625,437.5000476837158,0.7894904017448425,179.51905584886498,176.43785540101808,156.31236657732,171.28231750224612
88,2.9410416396979504,569.0796661376953,414.51029777526855,0.9999634027481079,738.5740661621094,402.5731372833252,0.2776387929916382,894.5780181884766,393.15648078918457,0.44002965092658997,922.5185394287109,410.49882888793945,0.5871926546096802,568.9284133911133,442.4709749221802,0.9999830722808838,744.4857788085938,426.1993217468262,0.9530383944511414,915.6809997558594,420.71186542510986,0.9305921196937561,940.748291015625,437.55781173706055,0.7957177758216858,179.4256983694248,176.54054933902282,156.28789610002983,171.2831452655685
89,2.974462567421791,568.946647644043,414.4826602935791,0.9999640583992004,738.3729553222656,403.2357931137085,0.2875980734825134,895.0344085693359,395.1153516769409,0.45007288455963135,922.7939605712891,412.27839946746826,0.5936771035194397,568.8429641723633,443.3597946166992,0.9999832510948181,744.1368103027344,427.0147132873535,0.9546114206314087,915.3654479980469,421.09076499938965,0.9324369430541992,940.7722473144531,438.0496644973755,0.7996283173561096,179.169392760527,176.6543766207993,156.87177089142574,171.33108162359525
90,3.0078834951456312,568.76953125,414.7014856338501,0.9999648332595825,738.1716918945312,403.84819507598877,0.29831990599632263,895.3119659423828,395.1172399520874,0.46425437927246094,922.9653930664062,412.3526859283447,0.6044511198997498,568.8344192504883,444.36203956604004,0.999983549118042,743.6037445068359,426.98347091674805,0.9563725590705872,915.0791931152344,421.08922004699707,0.934820294380188,940.8170318603516,438.6561870574951,0.805320680141449,179.51434464363712,176.29003116626546,157.38263978345728,171.5767223977864
91,3.0413044228694712,569.0615081787109,414.8906993865967,0.9999653100967407,738.4172821044922,404.5908451080322,0.312920480966568,896.2928771972656,395.42163848876953,0.48079413175582886,923.2051086425781,412.62245178222656,0.6161169409751892,569.5880126953125,444.672532081604,0.9999837279319763,743.65478515625,426.9884490966797,0.9583190679550171,914.8616790771484,421.17226123809814,0.9374285936355591,940.8815002441406,439.7478675842285,0.8111358880996704,179.84360921956022,176.14470074072602,158.14163865321518,171.30565830482098
92,3.0747253505933116,569.5560836791992,415.5370903015137,0.9999656677246094,738.4205627441406,404.6895503997803,0.3255062401294708,897.2627258300781,395.4943370819092,0.49357232451438904,923.7022399902344,412.7100419998169,0.6248694062232971,570.3290557861328,445.06752490997314,0.9999838471412659,743.5844421386719,426.9715404510498,0.9599242210388184,914.8255920410156,421.1750078201294,0.9394656419754028,941.3481903076172,440.3289842605591,0.8158552050590515,179.63757314958733,175.97598317553013,159.1080913146177,171.33922846335653
93,3.108146278317152,569.5697021484375,415.8884382247925,0.9999659061431885,738.1319427490234,404.86610412597656,0.3294764459133148,897.4212646484375,395.96211433410645,0.4947129189968109,923.9630889892578,412.8491735458374,0.6251892447471619,570.327262878418,445.1565742492676,0.9999838471412659,743.2102966308594,426.95677757263184,0.9608188271522522,914.8539733886719,421.40533447265625,0.9401811957359314,941.6579437255859,440.4755401611328,0.8178430795669556,179.45814102281966,175.8429374596818,159.5379864025771,171.73342799651058
94,3.1415672060409925,569.5804977416992,416.1028861999512,0.9999662637710571,737.8377532958984,404.82606410980225,0.333048939704895,897.3949432373047,396.0396194458008,0.49634605646133423,923.8005065917969,412.84183502197266,0.6249881982803345,570.3466033935547,445.29420375823975,0.9999839663505554,743.5866546630859,426.64795875549316,0.9617599844932556,914.9794006347656,421.40228748321533,0.9413570761680603,941.9766998291016,440.5709409713745,0.8206753730773926,179.31765797700888,175.6098223240186,159.79893138513646,171.47300206974137
95,3.174988133764833,569.6660232543945,416.24802589416504,0.9999667406082153,737.81005859375,404.9869108200073,0.3343057632446289,897.7373504638672,396.04554176330566,0.49603909254074097,924.1935729980469,412.7434730529785,0.6238663196563721,570.3853607177734,445.5450439453125,0.9999841451644897,743.7620544433594,426.5558195114136,0.9624022245407104,915.6998443603516,421.3104486465454,0.9421831965446472,943.2267761230469,440.6528663635254,0.82271409034729,179.368466004573,175.49694854995036,160.1770481858053,172.01778256055317
96,3.2084090614886733,569.8151779174805,416.27403259277344,0.9999674558639526,738.0842590332031,404.9718904495239,0.34174948930740356,897.7756500244141,396.0326671600342,0.5041460394859314,924.2543792724609,412.3743152618408,0.6294040083885193,570.9085083007812,445.8868217468262,0.9999844431877136,744.6746063232422,426.23313903808594,0.9635575413703918,916.37451171875,421.2162923812866,0.9437932372093201,944.0461730957031,440.6565570831299,0.8261173963546753,179.36134746985854,175.22065931630743,159.94139573521034,171.77318260777545
97,3.2418299892125133,569.7254180908203,416.70018196105957,0.9999676942825317,738.0819702148438,406.006064414978,0.3452499210834503,897.7647399902344,396.65627002716064,0.5068008303642273,924.2622375488281,412.48164653778076,0.63118577003479,570.9929275512695,445.92896461486816,0.9999845027923584,745.0052642822266,425.3170680999756,0.9642490148544312,916.8583679199219,421.08346939086914,0.9448372721672058,944.7274017333984,440.66067695617676,0.8288069367408752,179.71639159332076,174.65594167980143,159.95626157870427,171.9052430495888
98,3.2752509169363537,569.5414352416992,417.0308446884155,0.9999677538871765,738.0437469482422,406.12245082855225,0.3474041223526001,897.6386260986328,396.8429946899414,0.5103906393051147,924.1726684570312,412.535719871521,0.6335489153862,571.1395263671875,445.93480110168457,0.9999845623970032,745.0901794433594,424.15281772613525,0.9652210474014282,917.6789855957031,421.02227210998535,0.9464401602745056,945.7394409179688,440.9963607788086,0.832675576210022,179.62364014327343,173.9017708954349,159.8644230504592,172.617195913229
99,3.308671844660194,568.7994384765625,418.39327812194824,0.9999679923057556,737.8699493408203,407.2942543029785,0.3514818549156189,897.6760864257812,398.18495750427246,0.5112367868423462,924.3177795410156,413.1529712677002,0.6350835561752319,571.1257171630859,445.98973274230957,0.999984622001648,745.0704956054688,422.7834749221802,0.9662872552871704,918.2141876220703,420.39918422698975,0.9476660490036011,946.2161254882812,440.5533456802368,0.8363450765609741,179.50652877067094,173.1898952882646,160.0655513787531,173.16010778253445
100,3.3420927723840346,566.876106262207,418.50653171539307,0.9999687075614929,737.8706359863281,409.82990741729736,0.35919252038002014,898.1307983398438,399.3571901321411,0.5155671834945679,925.3366088867188,413.74335765838623,0.6401011347770691,568.8508224487305,446.2155532836914,0.9999849796295166,745.0772857666016,421.9275712966919,0.9677043557167053,919.1278076171875,420.23361682891846,0.9494575262069702,947.1098327636719,439.9930429458618,0.8413023948669434,179.1659561423652,172.71040209653057,160.6019845609325,174.05876489910005
101,3.375513700107875,565.4703903198242,417.6595115661621,0.999969482421875,737.3239135742188,409.6802616119385,0.36089834570884705,896.6768646240234,399.1872024536133,0.5151730179786682,924.7434234619141,412.36345767974854,0.6402883529663086,568.0562210083008,446.2042236328125,0.9999852776527405,744.8538208007812,421.5962219238281,0.9687406420707703,919.2905426025391,419.68438625335693,0.950673520565033,947.0072937011719,437.20860958099365,0.8443039655685425,178.89099531965164,172.70399674242537,159.698050391298,174.4471983970357
102,3.408934627831715,563.4834671020508,417.5929069519043,0.9999704957008362,736.2608337402344,409.53327655792236,0.3649275302886963,895.4552459716797,398.86911392211914,0.5181428790092468,922.5685119628906,411.5351915359497,0.6427609324455261,566.5997314453125,446.3990592956543,0.9999856948852539,744.0992736816406,421.6252326965332,0.9699463844299316,919.2667388916016,419.54933166503906,0.9524048566818237,946.6608428955078,437.0980167388916,0.8482378125190735,178.83834711902978,172.7334640515277,159.55119946411625,175.17976547870884
